﻿Medical Record Number:61444034,Name:Aleksandar Dimov,Date Range:2024-10-28 - 2024-11-10
Timestamp,Alarm/Event,Serial Number
2024-11-10 02:41,tandem_cgm_low_2,844857
2024-11-09 20:51,tandem_cgm_high,844857
2024-11-09 13:56,tandem_cgm_low_2,844857
2024-11-09 13:36,tandem_cgm_low,844857
2024-11-09 13:21,tandem_cgm_low_2,844857
2024-11-09 00:01,tandem_cgm_high,844857
2024-11-08 19:36,tandem_cgm_high,844857
2024-11-07 18:01,tandem_cgm_low_2,844857
2024-11-07 14:21,tandem_cgm_high,844857
2024-11-07 12:11,tandem_cgm_low_2,844857
2024-11-06 13:36,tandem_cgm_high,844857
2024-11-06 06:56,Resume Pump Alarm (18A),844857
2024-11-06 04:36,tandem_cgm_high,844857
2024-11-06 00:56,tandem_cgm_low_2,844857
2024-11-05 19:01,tandem_cgm_high,844857
2024-11-05 17:36,tandem_cgm_low_2,844857
2024-11-04 22:23,Resume Pump Alarm (18A),844857
2024-11-04 22:06,tandem_cgm_low_2,844857
2024-11-04 21:59,Resume Pump Alarm (18A),844857
2024-11-04 18:06,tandem_cgm_low_2,844857
2024-11-04 08:26,Resume Pump Alarm (18A),844857
2024-11-03 12:31,tandem_cgm_high,844857
2024-11-03 01:46,tandem_cgm_low_2,844857
2024-11-03 01:26,tandem_cgm_low,844857
2024-11-03 01:16,tandem_cgm_low_2,844857
2024-11-02 23:41,tandem_cgm_low_2,844857
2024-11-02 16:33,Cartridge Loaded,844857
2024-11-02 14:41,tandem_cgm_high,844857
2024-11-02 13:41,tandem_cgm_high,844857
2024-11-01 22:01,tandem_cgm_high,844857
2024-10-31 07:55,Resume Pump Alarm (18A),844857
2024-10-30 13:36,tandem_cgm_replace_sensor,844857
2024-10-30 07:34,tandem_cgm_sensor_expiring,844857
2024-10-30 06:06,tandem_cgm_high,844857
2024-10-29 22:26,tandem_cgm_high,844857
2024-10-29 09:17,Resume Pump Alarm (18A),844857
